channel_name,channel_id
Gawr Gura Ch. hololive-EN,UCoSrY_IQQVpmIRZ9Xf-y93g
A.I.Channel,UC4YaOt1yT-ZeyB0OmxHgolA
Marine Ch. å®é˜ãƒãƒªãƒ³,UCCzUftO8KOVkV4wQG1vkUvg
Mori Calliope Ch. hololive-EN,UCL_qhgtOy0dy1Agp8vkySQg
Pekora Ch. å…ç”°ãºã“ã‚‰,UC1DCedRgGHBdm81E1llLhOQ
ãƒ•ãƒ–ã‚­Chã€‚ç™½ä¸Šãƒ•ãƒ–ã‚­,UCdn5BQ06XqgXoAxIhbqw5Rg
Korone Ch. æˆŒç¥ã“ã‚ã­,UChAnqc_AY5_I3Px5dig3X1Q
Kobo Kanaeru Ch. hololive-ID,UCjLEmnpCNeisMxy134KPwWw
Suisei Channel,UC5CwaMl1eIgY8h02uZw7u8A
Aqua Ch. æ¹Šã‚ãã‚,UC1opHUrw8rvnsadT-iGp7Cg
Kiyoshi Ch.,UCDfFDbQwP89uYcXQHwaj3gQ
Watson Amelia Ch. hololive-EN,UCyl1z3jo3XHR1riLFKG5UAg
filian,UCvjNdLLy5sinqD92Axk8w-g
35P NakamağŸŒ¸,UCDXFwA86OIQFa-8dF-M7cDw
Noel Ch. ç™½éŠ€ãƒã‚¨ãƒ«,UCdyqAaZDKHXg4Ahi7VENThQ
Okayu Ch. çŒ«åˆãŠã‹ã‚†,UCvaTdHTWBGv3MKj3KVqJVCw
Ninomae Ina'nis Ch. hololive-EN,UCMwGHR0BTZuLsmjY_NT5Pwg
Kuzuha Channel,UCSFCh5NL4qXrAy9u-u2lX3g
Subaru Ch. å¤§ç©ºã‚¹ãƒãƒ«,UCvzGlP9oQwU--Y0r9id_jnA
Takanashi Kiara Ch. hololive-EN,UCHsx4Hqa-1ORjQTh9TYDhww
Nyanners,UCO5Jvsc_sKuZi3MhnJxrlzQ
HAACHAMA Ch èµ¤äº•ã¯ã‚ã¨,UC1CfXB_kRs3C-zaeTG3oGyg
Turkey Tom,UCDKJdFer1phQI95UinPZehw
Nakiri Ayame Ch. ç™¾é¬¼ã‚ã‚„ã‚,UC7fk0CB07ly8oSl0aqKkqFg
Watame Ch. è§’å·»ã‚ãŸã‚,UCqm3BQLlJfvkTsX_hvm0UmA
Kanata Ch. å¤©éŸ³ã‹ãªãŸ,UCZlDXzGoo7d44bwdNObFacg
Matsuri Channel å¤è‰²ã¾ã¤ã‚Š,UCQ0UDLQCjY0rmuxCDE38FGg
Botan Ch.ç…ç™½ã¼ãŸã‚“,UCUKD-uaobj9jiqB-VXt71mA
Moona Hoshinova hololive-ID,UCP0BspO_AMEe3aQqqpo89Dg
Vox Akumaã€NIJISANJI ENã€‘,UCckdfYDGrjojJM28n5SHYrA
Sakura Ch.  ã€VShojoJP & Vtubers Clipsã€‘,UCFcYgPfMZodXqXKfgLCfxXA
Kureiji Ollie Ch. hololive-ID,UCYz_5n-uDuChHtLo7My1HnQ
senzawa,UCTUHzVzRwN_2x13IWQ9QVNg
Towa Ch. å¸¸é—‡ãƒˆãƒ¯,UC1uv2Oq6kNxgATlCiez59hw
Shoto,UCgwJ4ReZqFOw_Y6eTEIunDQ
Kanae Channel,UCspv01oxUFf_MTSipURRhkA
Shion Ch. ç´«å’²ã‚·ã‚ªãƒ³,UCXTpFs_3PqI41qX2d9tL2Rw
Lamy Ch. é›ªèŠ±ãƒ©ãƒŸã‚£,UCFKOVgVbGmX65RxO3EtH3iw
Polka Ch. å°¾ä¸¸ãƒãƒ«ã‚«,UCK9V2B22uJYu3N7eR_BT9QA
Mio Channel å¤§ç¥ãƒŸã‚ª,UCp-5t9SrOQwXMU7iIjQfARg
SoraCh. ã¨ãã®ãã‚‰ãƒãƒ£ãƒ³ãƒãƒ«,UCp6993wxpyDPHUpavwDFqgg
æœˆãƒç¾å…,UCD-miitqNY3nyukJ4Fnf4_A
Mysta Rias ã€NIJISANJI ENã€‘,UCIM92Ok_spNKLVB5TsgwseQ
Nene Ch.æ¡ƒéˆ´ã­ã­,UCAWSyEs_Io8MtpY3m-zqILA
Vtube Tengoku,UCg02KL1G0nmH0QzFuLsVoRQ
Flare Ch. ä¸çŸ¥ç«ãƒ•ãƒ¬ã‚¢,UCvInZx9h3jC2JzsIzoOebWg
Luca Kaneshiroã€NIJISANJI ENã€‘,UC7Gb7Uawe20QyFibhLl1lzA
Hololive Clips,UCiWsgUNiND0za5YWQQ2akrw
Laplus ch. ãƒ©ãƒ—ãƒ©ã‚¹ãƒ»ãƒ€ãƒ¼ã‚¯ãƒã‚¹ - holoX -,UCENwRMx5Yh42zWpzURebzTw
IRyS Ch. hololive-EN,UC8rcEBzJSleTkf_-agPM20g
Tamaki Ch. çŠ¬å±±ãŸã¾ã / ä½ƒç…®ã®ã‚ŠãŠ,UC8NZiqKx6fsDT3AVcMiVFyA
Roboco Ch. - ãƒ­ãƒœå­,UCDqI2jOz0weumE8s7paEk6g
æ˜Ÿå·ã‚µãƒ© / Sara Hoshikawa,UC9V3Y3_uzU5e-usObb6IE1w
Morphoduction,UCZaX6kXIssiDd5DrrQgfUJg
Ike Evelandã€NIJISANJI ENã€‘,UC4yNIKGvy-YUrwYupVdLDXA
ironmouse,UChgPVLjqugDQpRLWvC7zzig
K-Pop ???,UClKl32dtwZ6BTfJb6Su6GyQ
Koyori ch. åšè¡£ã“ã‚ˆã‚Š - holoX -,UC6eWCld0KwmyHFbAqK3V-Rw
Shu Yaminoã€NIJISANJI ENã€‘,UCG0rzBZV_QMP4MtWg6IjhEA
Ouro Kronii Ch. hololive-EN,UCmbs8T6MWqUHP1tIQvSgKrg
Rev says desu,UCaJ84U5xsjX9KT1mIF3B22w
ç¬¹æœ¨å’² / Sasaki Saku,UCoztvTULBYd3WmStqYeoHcA
Mel Channel å¤œç©ºãƒ¡ãƒ«ãƒãƒ£ãƒ³ãƒãƒ«,UCD8HOxPs4Xvsm8H0ZxXGiBw
Nanashi Mumei Ch. hololive-EN,UC3n5uGu18FoCy23ggWWp8tA
æ¸‹è°·ãƒãƒ«,UChLfthKoUV502J7gU9STArg
Ayunda Risu Ch. hololive-ID,UCOyYb1c43VlX9rc_lT6NKQw
ä¸ç ´ æ¹Š / Fuwa Minatoã€ã«ã˜ã•ã‚“ã˜ã€‘,UC6wvdADTJ88OfIbJYIpAaDA
ã‚¢ãƒ³ã‚¸ãƒ¥ãƒ»ã‚«ãƒˆãƒªãƒ¼ãƒŠ - Ange Katrina -,UCHVXbQzkl3rDfsXWo8xi2qw
AZKi Channel,UC0TXe_LYZ4scaW2XMyi5_kw
ãƒªã‚¼ãƒ»ãƒ˜ãƒ«ã‚¨ã‚¹ã‚¿ -Lize Helesta-,UCZ1xuCK1kNmn5RzPYIZop3w
ã‚¢ã‚­ãƒ­ã‚¼Chã€‚Vtuber/ãƒ›ãƒ­ãƒ©ã‚¤ãƒ–æ‰€å±,UCFTLzh12_nrtzqBPsTCqenA
Pavolia Reine Ch. hololive-ID,UChgTyjG-pdNvxxhdsXfHQ5Q
shuwaruru subs,UCa-jRGsTppl6Hrv8Y49zOfw
æˆŒäº¥ã¨ã“ -Inui Toko-,UCXRlIK3Cw_TJIQC5kSJJQMg
Hololive Clips,UCiWsgUNiND0za5YWQQ2akrw
Mythia Batford #scuffgang,UCCK072ns5Bt1nYqX1CoaZ-g
Shylily,UCFnXTeBpJRPSN6QmWz_uDgQ
Vestia Zeta Ch. hololive-ID,UCTvHWSfBZgtxE4sILOaurIQ
EXPT,UCXbPwiDGPCzEC7B4RfPFCqg
meeema,UCJvWioumW-wSEVHskd6gadg
Ceres Fauna Ch. hololive-EN,UCO_aKKYxn4tvrqPjcTzZ6EQ
æœ¬é–“ã²ã¾ã‚ã‚Š - Himawari Honma -,UC0g1AE0DOjBYnLhkgoRWN1w
Lui ch. é·¹å¶ºãƒ«ã‚¤ - holoX -,UCs9_O1tRPMQTHQ-N_L6FU2g
Mirai Akari Project,UCMYtONm441rBogWK_xPH9HA
Hakos Baelz Ch. hololive-EN,UCgmPnx-EEeOrZSg5Tiw7ZRQ
Selen Tatsuki ã€NIJISANJI ENã€‘,UCV1xUwfM2v2oBtT3JNvic3w
Airani Iofifteen Channel hololive-ID,UCAoy6rzhSf4ydcYjJw3WoVg
ClipChama,UCqucee5QVKAGbnlbTsvrskg
Andi Adinataã€MAHA5ã€‘,UC9QnAjC7mT4ggHuedr1_kqQ
æ¤åå”¯è¯ / Shiina Yuika,UC_4tXjqecqox5Uc05ncxpxg
æ¨‹å£æ¥“ã€ã«ã˜ã•ã‚“ã˜æ‰€å±ã€‘,UCsg-YqdqQ-KFF0LNk23BY4A
Patra Channel / å‘¨é˜²ãƒ‘ãƒˆãƒ© ã€ãªãªã—ã„ã‚“ãã€‘,UCeLzT-7b2PBcunJplmWtoDg
åŠ è³€ç¾ ãƒãƒ¤ãƒˆ/Hayato Kagami,UCmovZ2th3Sqpd00F5RdeigQ
Kiriku Translation,UCsYcCwDqv6Sg8KMIIMF54SA
Alban Knox ã€NIJISANJI ENã€‘,UCQ1zGxHrfEmmW4CPpBx9-qw
Veibae Crumbs,UCqsNyyJlBVplZ4y1qJm1yZA
ç·‘ä»™ / Ryushen,UCt5-0i4AVHXaWJrL8Wql3mw
Anya Melfissa Ch. hololive-ID,UC727SQYUvx5pDDGQpTICNWg
ç”ºç”°ã¡ã¾ã€ã«ã˜ã•ã‚“ã˜ã€‘,UCo7TRj3cS-f_1D9ZDmuTsjw
